Workbook
Name notifyRange: '工作表1'!$F$273

Sheet 工作表1
A1: 序号 | B1: 城市 | C1: 运营公司 | D1: 企业微信群名称 | E1: 项目点代码 | F1: 项目点名称 | G1: 备注 | H1: 创建人 | I1: 是否加群-张利拉 | J1: IT是否配置完成-邓虎 | K1: 群ID
A2: 1 | B2: 深圳 | C2: 深圳市德立安食品有限公司 | D2: 德立安～太子湾逸菲下单群 | E2: BIZ20240710105439 | F2: 深圳市裕顺达酒店管理有限公司 | I2: OK-0625 | J2: OK | K2: ==_xlfn.XLOOKUP(D2,工作表2!A:A,工作表2!B:B) -> #N/A
A3: 2 | B3: 浙江 | C3: 浙江/丰厨(上海)供应链管理有限公司 | D3: 商旅-武林之星项目业务对接群 | E3: KHXMD1152 | F3: 商旅-干调 | G3: 一个群多个项目点下单 | I3: OK-0625 | J3: OK-0701 | K3: ==_xlfn.XLOOKUP(D3,工作表2!A:A,工作表2!B:B) -> wrigAJEAAA6WrJotbzMQ1SlwWqkoWykg | L3: 删除
A4: 3 | B4: 浙江 | C4: 浙江/丰厨(上海)供应链管理有限公司 | D4: 商旅-武林之星项目业务对接群 | E4: KHXMD1076 | F4: 杭州商旅进出口贸易有限公司 | G4: 一个群多个项目点下单 | I4: OK-0625 | J4: OK-0701 | K4: ==_xlfn.XLOOKUP(D4,工作表2!A:A,工作表2!B:B) -> wrigAJEAAA6WrJotbzMQ1SlwWqkoWykg | L4: 删除
A5: 4 | B5: 浙江 | C5: 浙江/丰厨(上海)供应链管理有限公司 | D5: 海谯汇-益海嘉里（丰厨） | E5: KHXMD4918 | F5: 亳州海谯汇后勤管理服务有限公司 | I5: OK-0625 | J5: OK | K5: ==_xlfn.XLOOKUP(D5,工作表2!A:A,工作表2!B:B) -> #N/A | L5: 删除
A6: 5 | B6: 浙江 | C6: 浙江/丰厨(上海)供应链管理有限公司 | D6: 益海深度合作推进群 | E6: KHXMD9425 | F6: 浙江智汇配送有限公司利辛分公司 | I6: OK-0625 | J6: OK | K6: ==_xlfn.XLOOKUP(D6,工作表2!A:A,工作表2!B:B) -> #N/A | L6: 删除
A7: 6 | B7: 浙江 | C7: 浙江/丰厨(上海)供应链管理有限公司 | D7: 杭州工厂-丰厨供应链业务对接群 | E7: KHXMD0941 | F7: ZH-SP-ZLAQZN 益嘉工业-工厂食堂 | I7: OK-0625 | J7: OK | K7: ==_xlfn.XLOOKUP(D7,工作表2!A:A,工作表2!B:B) -> wrigAJEAAAVSKtIQLmQz6mPCgLHHiFFw | L7: 删除
A8: 7 | B8: 浙江 | C8: 浙江/丰厨(上海)供应链管理有限公司 | D8: 杭州央厨-供应链业务对接群 | E8: KHXMD2477 | F8: 益嘉丰厨-干调 | G8: 一个群多个项目点下单 | I8: OK-0625 | J8: OK-0701 | K8: ==_xlfn.XLOOKUP(D8,工作表2!A:A,工作表2!B:B) -> wrigAJEAAAmwtbpxOuj9iCIeu2tq4vEA | L8: 删除
A9: 8 | B9: 浙江 | C9: 浙江/丰厨(上海)供应链管理有限公司 | D9: 杭州央厨-供应链业务对接群 | E9: KHXMD1565 | F9: 杭州央厨-冻品 | G9: 一个群多个项目点下单 | I9: OK-0625 | J9: OK-0701 | K9: ==_xlfn.XLOOKUP(D9,工作表2!A:A,工作表2!B:B) -> wrigAJEAAAmwtbpxOuj9iCIeu2tq4vEA | L9: 删除
A10: 9 | B10: 浙江 | C10: 浙江/丰厨(上海)供应链管理有限公司 | D10: 杭州央厨-供应链业务对接群 | E10: KHXMD0243 | F10: 益嘉丰厨（杭州）食品有限公司 | G10: 一个群多个项目点下单 | I10: OK-0625 | J10: OK-0701 | K10: ==_xlfn.XLOOKUP(D10,工作表2!A:A,工作表2!B:B) -> wrigAJEAAAmwtbpxOuj9iCIeu2tq4vEA | L10: 删除
A11: 10 | B11: 深圳 | C11: 深圳市德立安食品有限公司 | D11: 益分销PLUS-深圳国际会展中心洲际酒店 | E11: BIZ20230510111217 | F11: 深圳市招华国际会展发展有限公司深圳国际会展中心洲际酒店 -会展湾中港广场6栋A座 | I11: OK-0625 | J11: OK | K11: ==_xlfn.XLOOKUP(D11,工作表2!A:A,工作表2!B:B) -> #N/A
A12: 11 | B12: 深圳 | C12: 深圳市德立安食品有限公司 | D12: 德立安-辉胜阁订单群 | E12: BIZ20240814142654 | F12: 深圳市中航城置业发展有限公司辉盛阁国际公寓分公司 | I12: OK-0625 | J12: OK | K12: ==_xlfn.XLOOKUP(D12,工作表2!A:A,工作表2!B:B) -> wrigAJEAAATmrWPjznHCmzprmkomUE6Q
A13: 12 | B13: 深圳 | C13: 深圳市德立安食品有限公司 | D13: 德立安-富悦订单群 | E13: BIZ20250605134442 | F13: 富悦(深圳)酒店管理有限公司 | I13: OK-0625 | J13: OK | K13: ==_xlfn.XLOOKUP(D13,工作表2!A:A,工作表2!B:B) -> wrigAJEAAA36ZXYMgR51AmStwcCel6qA
A14: 13 | B14: 西安 | C14: 益海嘉里德立安(陕西)食品有限公司 | D14: 德立安-温德姆酒店下单群 | E14: BIZ20240511112021 | F14: 西安豪享来投资控股有限公司豪享来温德姆至尊酒店 | I14: OK-0625 | J14: OK | K14: ==_xlfn.XLOOKUP(D14,工作表2!A:A,工作表2!B:B) -> wrigAJEAAAXnRYN0xEAjkHJNDM7rVfyA
A15: 14 | B15: 西安 | C15: 益海嘉里德立安(陕西)食品有限公司 | D15: 德立安-悦来下单群 | E15: BIZ20230506163709 | F15: 西安悦来酒店管理有限公司曲江新区分公司 | I15: OK-0625 | J15: OK | K15: ==_xlfn.XLOOKUP(D15,工作表2!A:A,工作表2!B:B) -> wrigAJEAAA0lzFlH6VPwiKciUNqEMvOA
A16: 15 | B16: 西安 | C16: 西安/丰厨(上海)供应链管理有限公司 | D16: 冀三姐下单群 | E16: KHXMD1819 | F16: 益海-大寨路天悦店 | G16: 一个群多个项目点下单 | I16: OK-0625 | J16: OK-0701 | K16: ==_xlfn.XLOOKUP(D16,工作表2!A:A,工作表2!B:B) -> wrigAJEAAAEtJGi9pK0AJyh92DOGwpJw
A17: 16 | B17: 西安 | C17: 西安/丰厨(上海)供应链管理有限公司 | D17: 冀三姐下单群 | E17: KHXMD1820 | F17: 益海-财富中心店 | G17: 一个群多个项目点下单 | I17: OK-0625 | J17: OK-0701 | K17: ==_xlfn.XLOOKUP(D17,工作表2!A:A,工作表2!B:B) -> wrigAJEAAAEtJGi9pK0AJyh92DOGwpJw
A18: 17 | B18: 西安 | C18: 西安/丰厨(上海)供应链管理有限公司 | D18: 冀三姐下单群 | E18: KHXMD1823 | F18: 益海-遇见SPA（高新路店） | G18: 一个群多个项目点下单 | I18: OK-0625 | J18: OK-0701 | K18: ==_xlfn.XLOOKUP(D18,工作表2!A:A,工作表2!B:B) -> wrigAJEAAAEtJGi9pK0AJyh92DOGwpJw
A19: 18 | B19: 西安 | C19: 西安/丰厨(上海)供应链管理有限公司 | D19: 冀三姐下单群 | E19: KHXMD1825 | F19: 益海-悦竹SPA(海荣豪佳花园店) | G19: 一个群多个项目点下单 | I19: OK-0625 | J19: OK-0701 | K19: ==_xlfn.XLOOKUP(D19,工作表2!A:A,工作表2!B:B) -> wrigAJEAAAEtJGi9pK0AJyh92DOGwpJw
A20: 19 | B20: 西安 | C20: 西安/丰厨(上海)供应链管理有限公司 | D20: 冀三姐下单群 | E20: KHXMD1827 | F20: 益海-如遇SPA（凤城六路店） | G20: 一个群多个项目点下单 | I20: OK-0625 | J20: OK-0701 | K20: ==_xlfn.XLOOKUP(D20,工作表2!A:A,工作表2!B:B) -> wrigAJEAAAEtJGi9pK0AJyh92DOGwpJw
A21: 20 | B21: 西安 | C21: 西安/丰厨(上海)供应链管理有限公司 | D21: 冀三姐下单群 | E21: KHXMD1829 | F21: 益海-意品足浴(海璟蓝寓店) | G21: 一个群多个项目点下单 | I21: OK-0625 | J21: OK-0701 | K21: ==_xlfn.XLOOKUP(D21,工作表2!A:A,工作表2!B:B) -> wrigAJEAAAEtJGi9pK0AJyh92DOGwpJw
A22: 21 | B22: 西安 | C22: 西安/丰厨(上海)供应链管理有限公司 | D22: 冀三姐下单群 | E22: KHXMD1831 | F22: 益海-云端沐足（凤城五路） | G22: 一个群多个项目点下单 | I22: OK-0625 | J22: OK-0701 | K22: ==_xlfn.XLOOKUP(D22,工作表2!A:A,工作表2!B:B) -> wrigAJEAAAEtJGi9pK0AJyh92DOGwpJw
A23: 22 | B23: 西安 | C23: 西安/丰厨(上海)供应链管理有限公司 | D23: 丰厨-强华学校客户下单群 | E23: KHXMD2371 | F23: 陕西科技大学强华学校 | I23: OK-0625 | J23: OK | K23: ==_xlfn.XLOOKUP(D23,工作表2!A:A,工作表2!B:B) -> wrigAJEAAA7Bel4G031c11PoW0PB74vA
A24: 23 | B24: 北京 | C24: 北京/丰厨(上海)供应链管理有限公司 | D24: 丰厨_顺天府工作群 | E24: KHXMD5034 | F24: 顺天府 | I24: OK-0625 | J24: OK | K24: ==_xlfn.XLOOKUP(D24,工作表2!A:A,工作表2!B:B) -> wrigAJEAAAc-MieOJ_VVE-NKzT2BQkzA
A25: 24 | B25: 西安 | C25: 西安/丰厨(上海)供应链管理有限公司 | D25: 丰厨&亲和源内部沟通群 | E25: KHXMD4276 | F25: 亲和源 | I25: OK-0625 | J25: OK | K25: ==_xlfn.XLOOKUP(D25,工作表2!A:A,工作表2!B:B) -> wrigAJEAAA66nO815fxLSbJbm4scVnag
A26: 25 | B26: 上海 | C26: 上海/丰厨(上海)供应链管理有限公司 | D26: 同济大学内部沟通群 | E26: KHXMD3998 | F26: 同济大学 | I26: OK-0625 | J26: OK | K26: ==_xlfn.XLOOKUP(D26,工作表2!A:A,工作表2!B:B) -> wrigAJEAAAEl6xt3_cT0cKx6HseW4h7A
A27: 26 | B27: 上海 | C27: 上海/丰厨(上海)供应链管理有限公司 | D27: 中兴-丰厨沟通群 | E27: KHXMD09724 | F27: 中兴 | I27: OK-0625 | J27: OK | K27: ==_xlfn.XLOOKUP(D27,工作表2!A:A,工作表2!B:B) -> wrigAJEAAANkW08gwjVjZwD8vXc8PG4A
A28: 27 | B28: 上海 | C28: 上海/丰厨(上海)供应链管理有限公司 | D28: 神农氏内部沟通群 | E28: KHXMD4589 | F28: 神农氏-森兰国际 | G28: 一个群多个项目点下单 | I28: OK-0625 | J28: OK-0701 | K28: ==_xlfn.XLOOKUP(D28,工作表2!A:A,工作表2!B:B) -> wrigAJEAAAOsnYFLLKWTfHUQlX-GQ87A
A29: 28 | B29: 上海 | C29: 上海/丰厨(上海)供应链管理有限公司 | D29: 神农氏内部沟通群 | E29: KHXMD2687 | F29: 神农氏 | G29: 一个群多个项目点下单 | I29: OK-0625 | J29: OK-0701 | K29: ==_xlfn.XLOOKUP(D29,工作表2!A:A,工作表2!B:B) -> wrigAJEAAAOsnYFLLKWTfHUQlX-GQ87A
A30: 29 | B30: 上海 | C30: 上海/丰厨(上海)供应链管理有限公司 | D30: 朗富&丰厨供应链沟通群（金龙鱼） | E30: KHXMD0321 | F30: 上海朗富 | I30: OK-0625 | J30: OK | K30: ==_xlfn.XLOOKUP(D30,工作表2!A:A,工作表2!B:B) -> wrigAJEAAAUhuJIfux6yVlBNcOdM4H8Q
A31: 30 | B31: 西安 | C31: 益海嘉里德立安(陕西)食品有限公司 | D31: 德立安&星茉下单群 | E31: KHXMD09449 | F31: 西安星茉餐饮管理有限公司 | I31: OK-0625 | J31: OK | K31: ==_xlfn.XLOOKUP(D31,工作表2!A:A,工作表2!B:B) -> wrigAJEAAA3lK3LTgBjR95c3CgOYxl6w
A32: 31 | B32: 西安 | C32: 益海嘉里德立安(陕西)食品有限公司 | D32: 葡国餐厅对账接单群 | E32: BIZ20191231110214 | F32: 西安圣路易葡国餐饮有限公司 | I32: OK-0626 | J32: OK-0701 | K32: ==_xlfn.XLOOKUP(D32,工作表2!A:A,工作表2!B:B) -> wrigAJEAAARXlFY1n6xfQtUF7kIjuuYw
A33: 32 | B33: 郑州 | C33: 郑州/丰厨(上海)供应链管理有限公司 | D33: 益海-工厂买菜私聊 | E33: KHXMD1615 | F33: 郑州工厂食堂 | I33: OK-0626 | J33: OK-0701 | K33: ==_xlfn.XLOOKUP(D33,工作表2!A:A,工作表2!B:B) -> wrigAJEAAAZERO5PQcgQVEzdkR-PB48w
A34: 33 | B34: 郑州 | C34: 郑州/丰厨(上海)供应链管理有限公司 | D34: 周口天天向上-丰厨供应链沟通群 | E34: KHXMD5022 | F34: 天天向上 | I34: OK-0626 | J34: OK-0701 | K34: ==_xlfn.XLOOKUP(D34,工作表2!A:A,工作表2!B:B) -> wrigAJEAAAmaq9djC2cm72Ykvxcdi56w
A35: 34 | B35: 郑州 | C35: 郑州/丰厨(上海)供应链管理有限公司 | D35: 益海&全季郑汴路供应对接群 | E35: KHXMD4984 | F35: 全季酒店 | I35: OK-0626 | J35: OK-0701 | K35: ==_xlfn.XLOOKUP(D35,工作表2!A:A,工作表2!B:B) -> wrigAJEAAAIaOcKnHS_n8Sng7o0i8lAg
A36: 35 | B36: 上海 | C36: 益海嘉里食品营销有限公司上海分公司 | D36: 索迪斯内部沟通群 | E36: KHXMD0210 | F36: 索迪斯 | I36: OK-0626 | J36: OK-0701 | K36: ==_xlfn.XLOOKUP(D36,工作表2!A:A,工作表2!B:B) -> wrigAJEAAAu9_6Tqyhvzj7YB6Oth-gzw
A37: 36 | B37: 北京 | C37: 北京/丰厨(上海)供应链管理有限公司 | D37: 丰厨_农科院工作群 | E37: KHXMD8797 | F37: 北京农科院 | I37: OK-0626 | J37: OK-0701 | K37: ==_xlfn.XLOOKUP(D37,工作表2!A:A,工作表2!B:B) -> wrigAJEAAAiUPBtOh1yVfxk2uT_l9RLA
A38: 37 | B38: 西安 | C38: 益海嘉里德立安(陕西)食品有限公司 | D38: 德立安-乐班下单群 | E38: KHXMD09894 | F38: 航天产业基地 | G38: 一个群多个项目点下单，需要修改项目点 | I38: OK-0626 | J38: OK-0701 | K38: ==_xlfn.XLOOKUP(D38,工作表2!A:A,工作表2!B:B) -> wrigAJEAAAvHVJBdRndOQSaF8EVW1Bjg
A39: 38 | B39: 西安 | C39: 益海嘉里德立安(陕西)食品有限公司 | D39: 德立安-乐班下单群 | E39: KHXMD10179 | F39: 航天产业基地-冷链配送 | G39: 一个群多个项目点下单，需要修改项目点 | I39: OK-0626 | J39: OK-0701 | K39: ==_xlfn.XLOOKUP(D39,工作表2!A:A,工作表2!B:B) -> wrigAJEAAAvHVJBdRndOQSaF8EVW1Bjg
A40: 39 | B40: 西安 | C40: 益海嘉里德立安(陕西)食品有限公司 | D40: 德立安&宝鸡海棠下单群 | E40: BIZ20181211152507 | F40: 宝鸡海棠酒店有限公司海棠假日酒店 | I40: OK-0626 | J40: OK-0701 | K40: ==_xlfn.XLOOKUP(D40,工作表2!A:A,工作表2!B:B) -> wrigAJEAAA2ea5gJKgJ4UGI7MMANkOCw
A41: 40 | B41: 西安 | C41: 益海嘉里德立安(陕西)食品有限公司 | D41: 德立安&与其同行下单群 | E41: KHXMD09660 | F41: 西安与其同行食品有限公司 | I41: OK-0626 | J41: OK-0701 | K41: ==_xlfn.XLOOKUP(D41,工作表2!A:A,工作表2!B:B) -> wrigAJEAAAX8i63ZrZ4HpWxkjIPX8sCQ
A42: 41 | B42: 成都 | C42: 成都/丰厨(成都)供应链管理有限公司 | D42: 成都鹏瑞利自动转单群 | E42: KHXMD09776 | F42: 成都/智能餐线 | G42: 一个群多个项目点下单 | I42: OK-0701 | J42: OK-0701 | K42: ==_xlfn.XLOOKUP(D42,工作表2!A:A,工作表2!B:B) -> wrigAJEAAABNOMMpx7Myp5c-W_btv9CA
A43: 42 | B43: 成都 | C43: 成都/丰厨(成都)供应链管理有限公司 | D43: 成都鹏瑞利自动转单群 | E43: KHXMD09726 | F43: 成都/接待餐 | G43: 一个群多个项目点下单 | I43: OK-0701 | J43: OK-0701 | K43: ==_xlfn.XLOOKUP(D43,工作表2!A:A,工作表2!B:B) -> wrigAJEAAABNOMMpx7Myp5c-W_btv9CA
A44: 43 | B44: 成都 | C44: 成都/丰厨(成都)供应链管理有限公司 | D44: 成都鹏瑞利自动转单群 | E44: KHXMD09723 | F44: 成都/减脂餐 | G44: 一个群多个项目点下单 | I44: OK-0701 | J44: OK-0701 | K44: ==_xlfn.XLOOKUP(D44,工作表2!A:A,工作表2!B:B) -> wrigAJEAAABNOMMpx7Myp5c-W_btv9CA
A45: 44 | B45: 成都 | C45: 成都/丰厨(成都)供应链管理有限公司 | D45: 成都鹏瑞利自动转单群 | E45: KHXMD09687 | F45: 成都/VIP早餐 | G45: 一个群多个项目点下单 | I45: OK-0701 | J45: OK-0701 | K45: ==_xlfn.XLOOKUP(D45,工作表2!A:A,工作表2!B:B) -> wrigAJEAAABNOMMpx7Myp5c-W_btv9CA
A46: 45 | B46: 成都 | C46: 成都/丰厨(成都)供应链管理有限公司 | D46: 成都鹏瑞利自动转单群 | E46: KHXMD09661 | F46: 成都/智能餐线早餐 | G46: 一个群多个项目点下单 | I46: OK-0701 | J46: OK-0701 | K46: ==_xlfn.XLOOKUP(D46,工作表2!A:A,工作表2!B:B) -> wrigAJEAAABNOMMpx7Myp5c-W_btv9CA
A47: 46 | B47: 成都 | C47: 成都/丰厨(成都)供应链管理有限公司 | D47: 成都鹏瑞利自动转单群 | E47: KHXMD09637 | F47: 成都/VIP档口 | G47: 一个群多个项目点下单 | I47: OK-0701 | J47: OK-0701 | K47: ==_xlfn.XLOOKUP(D47,工作表2!A:A,工作表2!B:B) -> wrigAJEAAABNOMMpx7Myp5c-W_btv9CA
A48: 47 | B48: 成都 | C48: 成都/丰厨(成都)供应链管理有限公司 | D48: 成都鹏瑞利自动转单群 | E48: KHXMD09406 | F48: 成都/5楼 | G48: 一个群多个项目点下单 | I48: OK-0701 | J48: OK-0701 | K48: ==_xlfn.XLOOKUP(D48,工作表2!A:A,工作表2!B:B) -> wrigAJEAAABNOMMpx7Myp5c-W_btv9CA
A49: 48 | B49: 成都 | C49: 成都/丰厨(成都)供应链管理有限公司 | D49: 成都鹏瑞利自动转单群 | E49: KHXMD09044 | F49: 成都/咖啡吧 | G49: 一个群多个项目点下单 | I49: OK-0701 | J49: OK-0701 | K49: ==_xlfn.XLOOKUP(D49,工作表2!A:A,工作表2!B:B) -> wrigAJEAAABNOMMpx7Myp5c-W_btv9CA
A50: 49 | B50: 成都 | C50: 成都/丰厨(成都)供应链管理有限公司 | D50: 成都鹏瑞利自动转单群 | E50: KHXMD000202 | F50: 成都/易耗品 | G50: 一个群多个项目点下单 | I50: OK-0701 | J50: OK-0701 | K50: ==_xlfn.XLOOKUP(D50,工作表2!A:A,工作表2!B:B) -> wrigAJEAAABNOMMpx7Myp5c-W_btv9CA
A51: 50 | B51: 成都 | C51: 成都/丰厨(成都)供应链管理有限公司 | D51: 成都鹏瑞利自动转单群 | E51: KHXMD000103 | F51: 成都/面档 | G51: 一个群多个项目点下单 | I51: OK-0701 | J51: OK-0701 | K51: ==_xlfn.XLOOKUP(D51,工作表2!A:A,工作表2!B:B) -> wrigAJEAAABNOMMpx7Myp5c-W_btv9CA
A52: 51 | B52: 成都 | C52: 成都/丰厨(成都)供应链管理有限公司 | D52: 成都鹏瑞利自动转单群 | E52: KHXMD001501 | F52: 成都/点心房 | G52: 一个群多个项目点下单 | I52: OK-0701 | J52: OK-0701 | K52: ==_xlfn.XLOOKUP(D52,工作表2!A:A,工作表2!B:B) -> wrigAJEAAABNOMMpx7Myp5c-W_btv9CA
A53: 52 | B53: 成都 | C53: 成都/丰厨(成都)供应链管理有限公司 | D53: 成都鹏瑞利自动转单群 | E53: KHXMD281922 | F53: 成都/小卖部 | G53: 一个群多个项目点下单 | I53: OK-0701 | J53: OK-0701 | K53: ==_xlfn.XLOOKUP(D53,工作表2!A:A,工作表2!B:B) -> wrigAJEAAABNOMMpx7Myp5c-W_btv9CA
... A55: 54 | B55: 成都 | C55: 成都/丰厨(成都)供应链管理有限公司 | D55: 成都鹏瑞利自动转单群 | E55: KHXMD00104401 | F55: 成都/一楼冷饮 | G55: 一个群多个项目点下单 | I55: OK-0701 | J55: OK-0701 | K55: ==_xlfn.XLOOKUP(D55,工作表2!A:A,工作表2!B:B) -> wrigAJEAAABNOMMpx7Myp5c-W_btv9CA
A56: 55 | B56: 上海 | C56: 西安/丰厨(上海)供应链管理有限公司 | D56: 丰厨&延长下单群 | E56: KHXMD10103 | F56: 陕西延长石油实业集团综合服务有限公司 | I56: OK-0629 | J56: OK-0701 | K56: ==_xlfn.XLOOKUP(D56,工作表2!A:A,工作表2!B:B) -> wrigAJEAAABvAid47TodgsutJDoQso_A
A57: 56 | B57: 上海 | C57: 上海/丰厨(上海)供应链管理有限公司 | D57: 安徽奇瑞自动接单群 | E57: KHXMD09856 | F57: 芜湖奇瑞-日化 | G57: 一个群多个项目点下单 | I57: OK-0701 | J57: OK-0701 | K57: ==_xlfn.XLOOKUP(D57,工作表2!A:A,工作表2!B:B) -> wrigAJEAAAXOsrzQbNCbNY_1bEnMCuAw
A58: 57 | B58: 上海 | C58: 上海/丰厨(上海)供应链管理有限公司 | D58: 安徽奇瑞自动接单群 | E58: KHXMD09470 | F58: 大连奇瑞-日化 | G58: 一个群多个项目点下单 | I58: OK-0701 | J58: OK-0701 | K58: ==_xlfn.XLOOKUP(D58,工作表2!A:A,工作表2!B:B) -> wrigAJEAAAXOsrzQbNCbNY_1bEnMCuAw
A59: 58 | B59: 上海 | C59: 上海/丰厨(上海)供应链管理有限公司 | D59: 安徽奇瑞自动接单群 | E59: KHXMD04043 | F59: 芜湖瑞鲸-易耗品 | G59: 一个群多个项目点下单 | I59: OK-0701 | J59: OK-0701 | K59: ==_xlfn.XLOOKUP(D59,工作表2!A:A,工作表2!B:B) -> wrigAJEAAAXOsrzQbNCbNY_1bEnMCuAw
A60: 59 | B60: 上海 | C60: 上海/丰厨(上海)供应链管理有限公司 | D60: 安徽奇瑞自动接单群 | E60: KHXMD9356 | F60: 芜湖瑞鲸-日化 | G60: 一个群多个项目点下单 | I60: OK-0701 | J60: OK-0701 | K60: ==_xlfn.XLOOKUP(D60,工作表2!A:A,工作表2!B:B) -> wrigAJEAAAXOsrzQbNCbNY_1bEnMCuAw
A61: 60 | B61: 上海 | C61: 上海/丰厨(上海)供应链管理有限公司 | D61: 安徽奇瑞自动接单群 | E61: KHXMD3947 | F61: 芜湖奇瑞-易耗品 | G61: 一个群多个项目点下单 | I61: OK-0701 | J61: OK-0701 | K61: ==_xlfn.XLOOKUP(D61,工作表2!A:A,工作表2!B:B) -> wrigAJEAAAXOsrzQbNCbNY_1bEnMCuAw
A62: 61 | B62: 上海 | C62: 上海/丰厨(上海)供应链管理有限公司 | D62: 安徽奇瑞自动接单群 | E62: KHXMD2696 | F62: 芜湖奇瑞-米面油 | G62: 一个群多个项目点下单 | I62: OK-0701 | J62: OK-0701 | K62: ==_xlfn.XLOOKUP(D62,工作表2!A:A,工作表2!B:B) -> wrigAJEAAAXOsrzQbNCbNY_1bEnMCuAw
A63: 62 | B63: 上海 | C63: 上海/丰厨(上海)供应链管理有限公司 | D63: 上海-【竹筷子】机器人接单群 | E63: KHXMD8813 | F63: 竹筷子-众腾大厦 | G63: 一个群多个项目点下单 | I63: OK-0701 | J63: OK-0701 | K63: ==_xlfn.XLOOKUP(D63,工作表2!A:A,工作表2!B:B) -> wrigAJEAAAymRm_zQ7WBUW073vppc8Wg
A64: 63 | B64: 上海 | C64: 上海/丰厨(上海)供应链管理有限公司 | D64: 上海-【竹筷子】机器人接单群 | E64: KHXMD2828 | F64: 竹筷子-谷水食堂加工部 | G64: 一个群多个项目点下单 | I64: OK-0701 | J64: OK-0701 | K64: ==_xlfn.XLOOKUP(D64,工作表2!A:A,工作表2!B:B) -> wrigAJEAAAymRm_zQ7WBUW073vppc8Wg
A65: 64 | B65: 上海 | C65: 上海/丰厨(上海)供应链管理有限公司 | D65: 上海-【竹筷子】机器人接单群 | E65: KHXMD2661 | F65: 竹筷子-赫贤学校食堂 | G65: 一个群多个项目点下单 | I65: OK-0701 | J65: OK-0701 | K65: ==_xlfn.XLOOKUP(D65,工作表2!A:A,工作表2!B:B) -> wrigAJEAAAymRm_zQ7WBUW073vppc8Wg
A66: 65 | B66: 上海 | C66: 上海/丰厨(上海)供应链管理有限公司 | D66: 上海-【竹筷子】机器人接单群 | E66: KHXMD2563 | F66: 竹筷子-佘山店 | G66: 一个群多个项目点下单 | I66: OK-0701 | J66: OK-0701 | K66: ==_xlfn.XLOOKUP(D66,工作表2!A:A,工作表2!B:B) -> wrigAJEAAAymRm_zQ7WBUW073vppc8Wg
A67: 66 | B67: 上海 | C67: 上海/丰厨(上海)供应链管理有限公司 | D67: 上海-【竹筷子】机器人接单群 | E67: KHXMD1283 | F67: 竹筷子-谷水食堂 | G67: 一个群多个项目点下单 | I67: OK-0701 | J67: OK-0701 | K67: ==_xlfn.XLOOKUP(D67,工作表2!A:A,工作表2!B:B) -> wrigAJEAAAymRm_zQ7WBUW073vppc8Wg
A68: 67 | B68: 上海 | C68: 上海/丰厨(上海)供应链管理有限公司 | D68: 上海-【竹筷子】机器人接单群 | E68: KHXMD1282 | F68: 竹筷子-周星食堂 | G68: 一个群多个项目点下单 | I68: OK-0701 | J68: OK-0701 | K68: ==_xlfn.XLOOKUP(D68,工作表2!A:A,工作表2!B:B) -> wrigAJEAAAymRm_zQ7WBUW073vppc8Wg
... A88: 87 | B88: 上海 | C88: 上海/丰厨(上海)供应链管理有限公司 | D88: 上海-【荷特宝】机器人接单群 | E88: KHXMD0910 | F88: 三大区-苏州微软 | G88: 一个群多个项目点下单 | I88: OK-0701 | J88: OK-0701 | K88: ==_xlfn.XLOOKUP(D88,工作表2!A:A,工作表2!B:B) -> wrigAJEAAA2SptTrK0CNgHG4IAxBEvFA
A89: 88 | B89: 上海 | C89: 上海/丰厨(上海)供应链管理有限公司 | D89: 上海-【人寿堂】机器人接单群 | E89: KHXMD09700 | F89: 味益丰-天宝 | G89: 一个群多个项目点下单 | J89: OK-0701 | K89: ==_xlfn.XLOOKUP(D89,工作表2!A:A,工作表2!B:B) -> wrigAJEAAANimi8seV9Zo2E3sQyplUvg
A90: 89 | B90: 上海 | C90: 上海/丰厨(上海)供应链管理有限公司 | D90: 上海-【人寿堂】机器人接单群 | E90: KHXMD09698 | F90: 味益嘉-天宝 | G90: 一个群多个项目点下单 | J90: OK-0701 | K90: ==_xlfn.XLOOKUP(D90,工作表2!A:A,工作表2!B:B) -> wrigAJEAAANimi8seV9Zo2E3sQyplUvg
A91: 90 | B91: 上海 | C91: 上海/丰厨(上海)供应链管理有限公司 | D91: 上海-【人寿堂】机器人接单群 | E91: KHXMD09063 | F91: 味益丰-二院 | G91: 一个群多个项目点下单 | J91: OK-0701 | K91: ==_xlfn.XLOOKUP(D91,工作表2!A:A,工作表2!B:B) -> wrigAJEAAANimi8seV9Zo2E3sQyplUvg
A92: 91 | B92: 上海 | C92: 上海/丰厨(上海)供应链管理有限公司 | D92: 上海-【人寿堂】机器人接单群 | E92: KHXMD09064 | F92: 味益丰-宝山院 | G92: 一个群多个项目点下单 | J92: OK-0701 | K92: ==_xlfn.XLOOKUP(D92,工作表2!A:A,工作表2!B:B) -> wrigAJEAAANimi8seV9Zo2E3sQyplUvg
A93: 92 | B93: 上海 | C93: 上海/丰厨(上海)供应链管理有限公司 | D93: 上海-【人寿堂】机器人接单群 | E93: KHXMD09065 | F93: 味益丰-衡山院（文逸） | G93: 一个群多个项目点下单 | J93: OK-0701 | K93: ==_xlfn.XLOOKUP(D93,工作表2!A:A,工作表2!B:B) -> wrigAJEAAANimi8seV9Zo2E3sQyplUvg
A94: 93 | B94: 上海 | C94: 上海/丰厨(上海)供应链管理有限公司 | D94: 上海-【人寿堂】机器人接单群 | E94: KHXMD09066 | F94: 味益丰-天山 | G94: 一个群多个项目点下单 | J94: OK-0701 | K94: ==_xlfn.XLOOKUP(D94,工作表2!A:A,工作表2!B:B) -> wrigAJEAAANimi8seV9Zo2E3sQyplUvg
A95: 94 | B95: 上海 | C95: 上海/丰厨(上海)供应链管理有限公司 | D95: 上海-【人寿堂】机器人接单群 | E95: KHXMD09052 | F95: 味益丰-长者照护之家 | G95: 一个群多个项目点下单 | J95: OK-0701 | K95: ==_xlfn.XLOOKUP(D95,工作表2!A:A,工作表2!B:B) -> wrigAJEAAANimi8seV9Zo2E3sQyplUvg
A96: 95 | B96: 上海 | C96: 上海/丰厨(上海)供应链管理有限公司 | D96: 上海-【人寿堂】机器人接单群 | E96: KHXMD09053 | F96: 味益丰-逸仙虹福 | G96: 一个群多个项目点下单 | J96: OK-0701 | K96: ==_xlfn.XLOOKUP(D96,工作表2!A:A,工作表2!B:B) -> wrigAJEAAANimi8seV9Zo2E3sQyplUvg
A97: 96 | B97: 上海 | C97: 上海/丰厨(上海)供应链管理有限公司 | D97: 上海-【人寿堂】机器人接单群 | E97: KHXMD09054 | F97: 味益丰-一院 | G97: 一个群多个项目点下单 | J97: OK-0701 | K97: ==_xlfn.XLOOKUP(D97,工作表2!A:A,工作表2!B:B) -> wrigAJEAAANimi8seV9Zo2E3sQyplUvg
A98: 97 | B98: 上海 | C98: 上海/丰厨(上海)供应链管理有限公司 | D98: 上海-【人寿堂】机器人接单群 | E98: KHXMD09055 | F98: 味益丰-协和院 | G98: 一个群多个项目点下单 | J98: OK-0701 | K98: ==_xlfn.XLOOKUP(D98,工作表2!A:A,工作表2!B:B) -> wrigAJEAAANimi8seV9Zo2E3sQyplUvg
A99: 98 | B99: 上海 | C99: 上海/丰厨(上海)供应链管理有限公司 | D99: 上海-【人寿堂】机器人接单群 | E99: KHXMD09056 | F99: 味益丰-五院 | G99: 一个群多个项目点下单 | J99: OK-0701 | K99: ==_xlfn.XLOOKUP(D99,工作表2!A:A,工作表2!B:B) -> wrigAJEAAANimi8seV9Zo2E3sQyplUvg
A100: 99 | B100: 上海 | C100: 上海/丰厨(上海)供应链管理有限公司 | D100: 上海-【人寿堂】机器人接单群 | E100: KHXMD09057 | F100: 味益丰-四院 | G100: 一个群多个项目点下单 | J100: OK-0701 | K100: ==_xlfn.XLOOKUP(D100,工作表2!A:A,工作表2!B:B) -> wrigAJEAAANimi8seV9Zo2E3sQyplUvg
... A120: 119 | B120: 上海 | C120: 上海/丰厨(上海)供应链管理有限公司 | D120: 上海-【人寿堂】机器人接单群 | E120: KHXMD0354 | F120: 味益嘉-天山 | G120: 一个群多个项目点下单 | J120: OK-0701 | K120: ==_xlfn.XLOOKUP(D120,工作表2!A:A,工作表2!B:B) -> wrigAJEAAANimi8seV9Zo2E3sQyplUvg
A121: 120 | B121: 上海 | C121: 上海/丰厨(上海)供应链管理有限公司 | D121: 工行&丰厨沟通群 | E121: KHXMD10144 | F121: 工商银行 | G121: 有更改项目点 | J121: OK-0701 | K121: ==_xlfn.XLOOKUP(D121,工作表2!A:A,工作表2!B:B) -> wrigAJEAAAe2NsHQAkhgbX1oY65LY8xw | L121: 删除
A122: 121 | B122: 上海 | C122: 益彩（上海）供应链管理有限公司 | D122: 益彩-营销公司PDF抓单群 | E122: KHXMD10186 | F122: 益海嘉里食品营销有限公司VK | J122: OK-0703 | K122: ==_xlfn.XLOOKUP(D122,工作表2!A:A,工作表2!B:B) -> wrigAJEAAAmenCQfzrbif9EMeFSJARyQ
A123: 122 | B123: 上海 | C123: 益彩（上海）供应链管理有限公司 | D123: 益彩PDF抓单群 | E123: KHXMD09244 | F123: 彩食鲜北京大兴物流仓 | J123: OK-0703 | K123: ==_xlfn.XLOOKUP(D123,工作表2!A:A,工作表2!B:B) -> wrigAJEAAAp9U6c5s60Ii40nBSSUfHqw
A124: 123 | B124: 上海 | C124: 上海/丰厨(上海)供应链管理有限公司 | D124: 人寿堂供应链业务对接群 | E124: KHXMD09053 | F124: 味益丰-逸仙虹福 | J124: OK-0703 | K124: ==_xlfn.XLOOKUP(D124,工作表2!A:A,工作表2!B:B) -> wrigAJEAAATFcoRR62rWM94GBObBMHow
A125: 124 | B125: 上海 | C125: 上海/丰厨(上海)供应链管理有限公司 | D125: 益海-中商（罗森）蔬菜供应沟通群 | E125: KHXMD4983 | F125: 马鞍山中商罗森 | J125: OK-0703 | K125: ==_xlfn.XLOOKUP(D125,工作表2!A:A,工作表2!B:B) -> wrigAJEAAAfTP_LqvNuBeYhocgtfaF3A
A126: 125 | B126: 郑州 | C126: 上海/丰厨(上海)供应链管理有限公司 | D126: 粮贝铁路生鲜订单群 | E126: KHXMD09778 | F126: 商南桥梁 | G126: 一个群多个项目点下单 | I126: OK-0703 | J126: OK-0703 | K126: ==_xlfn.XLOOKUP(D126,工作表2!A:A,工作表2!B:B) -> wrigAJEAAA4KoktJG0sUPh2pEDYtu0rA
A127: 126 | B127: 郑州 | C127: 上海/丰厨(上海)供应链管理有限公司 | D127: 粮贝铁路生鲜订单群 | E127: KHXMD09760 | F127: 杏花营料场 | G127: 一个群多个项目点下单 | I127: OK-0703 | J127: OK-0703 | K127: ==_xlfn.XLOOKUP(D127,工作表2!A:A,工作表2!B:B) -> wrigAJEAAA4KoktJG0sUPh2pEDYtu0rA
A128: 127 | B128: 郑州 | C128: 上海/丰厨(上海)供应链管理有限公司 | D128: 粮贝铁路生鲜订单群 | E128: KHXMD09753 | F128: 开封材料基地 | G128: 一个群多个项目点下单 | I128: OK-0703 | J128: OK-0703 | K128: ==_xlfn.XLOOKUP(D128,工作表2!A:A,工作表2!B:B) -> wrigAJEAAA4KoktJG0sUPh2pEDYtu0rA
A129: 128 | B129: 郑州 | C129: 上海/丰厨(上海)供应链管理有限公司 | D129: 粮贝铁路生鲜订单群 | E129: KHXMD09697 | F129: 民权线路车间宁陵工区 | G129: 一个群多个项目点下单 | I129: OK-0703 | J129: OK-0703 | K129: ==_xlfn.XLOOKUP(D129,工作表2!A:A,工作表2!B:B) -> wrigAJEAAA4KoktJG0sUPh2pEDYtu0rA
A130: 129 | B130: 郑州 | C130: 上海/丰厨(上海)供应链管理有限公司 | D130: 粮贝铁路生鲜订单群 | E130: KHXMD09618 | F130: 商丘北线路车间南疏解工区 | G130: 一个群多个项目点下单 | I130: OK-0703 | J130: OK-0703 | K130: ==_xlfn.XLOOKUP(D130,工作表2!A:A,工作表2!B:B) -> wrigAJEAAA4KoktJG0sUPh2pEDYtu0rA
A131: 130 | B131: 郑州 | C131: 上海/丰厨(上海)供应链管理有限公司 | D131: 粮贝铁路生鲜订单群 | E131: KHXMD09468 | F131: 开封商丘动力设备车间 | G131: 一个群多个项目点下单 | I131: OK-0703 | J131: OK-0703 | K131: ==_xlfn.XLOOKUP(D131,工作表2!A:A,工作表2!B:B) -> wrigAJEAAA4KoktJG0sUPh2pEDYtu0rA
A132: 131 | B132: 郑州 | C132: 上海/丰厨(上海)供应链管理有限公司 | D132: 粮贝铁路生鲜订单群 | E132: KHXMD09467 | F132: 民权线路车间值守点 | G132: 一个群多个项目点下单 | I132: OK-0703 | J132: OK-0703 | K132: ==_xlfn.XLOOKUP(D132,工作表2!A:A,工作表2!B:B) -> wrigAJEAAA4KoktJG0sUPh2pEDYtu0rA
A133: 132 | B133: 郑州 | C133: 上海/丰厨(上海)供应链管理有限公司 | D133: 粮贝铁路生鲜订单群 | E133: KHXMD09466 | F133: 开封车间维修二工区 | G133: 一个群多个项目点下单 | I133: OK-0703 | J133: OK-0703 | K133: ==_xlfn.XLOOKUP(D133,工作表2!A:A,工作表2!B:B) -> wrigAJEAAA4KoktJG0sUPh2pEDYtu0rA
A134: 133 | B134: 郑州 | C134: 上海/丰厨(上海)供应链管理有限公司 | D134: 粮贝铁路生鲜订单群 | E134: KHXMD09465 | F134: 商丘桥梁车间兰考驻点 | G134: 一个群多个项目点下单 | I134: OK-0703 | J134: OK-0703 | K134: ==_xlfn.XLOOKUP(D134,工作表2!A:A,工作表2!B:B) -> wrigAJEAAA4KoktJG0sUPh2pEDYtu0rA
A135: 134 | B135: 郑州 | C135: 上海/丰厨(上海)供应链管理有限公司 | D135: 粮贝铁路生鲜订单群 | E135: KHXMD09404 | F135: 商丘线路车间打磨组 | G135: 一个群多个项目点下单 | I135: OK-0703 | J135: OK-0703 | K135: ==_xlfn.XLOOKUP(D135,工作表2!A:A,工作表2!B:B) -> wrigAJEAAA4KoktJG0sUPh2pEDYtu0rA
A136: 135 | B136: 郑州 | C136: 上海/丰厨(上海)供应链管理有限公司 | D136: 粮贝铁路生鲜订单群 | E136: KHXMD09403 | F136: 民权线路车间谢集工区 | G136: 一个群多个项目点下单 | I136: OK-0703 | J136: OK-0703 | K136: ==_xlfn.XLOOKUP(D136,工作表2!A:A,工作表2!B:B) -> wrigAJEAAA4KoktJG0sUPh2pEDYtu0rA
A137: 136 | B137: 郑州 | C137: 上海/丰厨(上海)供应链管理有限公司 | D137: 粮贝铁路生鲜订单群 | E137: KHXMD09270 | F137: 商丘北车间 | G137: 一个群多个项目点下单 | I137: OK-0703 | J137: OK-0703 | K137: ==_xlfn.XLOOKUP(D137,工作表2!A:A,工作表2!B:B) -> wrigAJEAAA4KoktJG0sUPh2pEDYtu0rA
... A212: 211 | B212: 郑州 | C212: 上海/丰厨(上海)供应链管理有限公司 | D212: 铁路标品转单群 | E212: KHXMD10167 | F212: 食堂-孟庄站 | G212: 一个群多个项目点下单 | I212: OK-0703 | J212: OK-0703 | K212: ==_xlfn.XLOOKUP(D212,工作表2!A:A,工作表2!B:B) -> wrigAJEAAAmIHTBGttLsnui1xFR8fhww
A213: 212 | B213: 上海 | C213: 上海/丰厨(上海)供应链管理有限公司 | D213: 工行&丰厨沟通群 | E213: KHXMD10195 | F213: 工行-仓库 | G213: 一个群多个项目点下单，更新项目点 | I213: OK-0703 | J213: OK-0703 | K213: ==_xlfn.XLOOKUP(D213,工作表2!A:A,工作表2!B:B) -> wrigAJEAAAe2NsHQAkhgbX1oY65LY8xw | L213: 删除
...

Sheet 工作表2
A1: 天津瑞吉酒店 德立安服务群 | B1: wrigAJEAAA0G1K8Vh1Aktlwxpe0WsSoQ | C1: 邓虎 | D1: AI_QUAN，DMS_PLUS
A2: 浙江丰厨运营AI转单群 | B2: wrigAJEAAAxNcmzy8tO9p9MJ18nr-sLg | C2: 邓虎 | D2: AI_QUAN，DMS_PLUS
A3: 德立安&米屋下单群 | B3: wrigAJEAAAjKZssLHb8pmlg2-Zpvv5yw | C3: 邓虎 | D3: AI_QUAN，DMS_PLUS
A4: 德立安陕西-栀初-如意茵香茂御酒店下单 | B4: wrigAJEAAANRvyCCA5xtayf-dJ0W6AAg | C4: 邓虎 | D4: AI_QUAN，DMS_PLUS
A5: 杭州工厂-丰厨供应链业务对接群 | B5: wrigAJEAAAVSKtIQLmQz6mPCgLHHiFFw | C5: 邓虎 | D5: AI_QUAN，DMS_PLUS
A6: 德立安-辉胜阁订单群 | B6: wrigAJEAAATmrWPjznHCmzprmkomUE6Q | C6: 邓虎 | D6: AI_QUAN，DMS_PLUS
A7: 德立安-富悦订单群 | B7: wrigAJEAAA36ZXYMgR51AmStwcCel6qA | C7: 邓虎 | D7: AI_QUAN，DMS_PLUS
A8: 德立安-温德姆酒店下单群 | B8: wrigAJEAAAXnRYN0xEAjkHJNDM7rVfyA | C8: 邓虎 | D8: AI_QUAN，DMS_PLUS
A9: 德立安-悦来下单群 | B9: wrigAJEAAA0lzFlH6VPwiKciUNqEMvOA | C9: 邓虎 | D9: AI_QUAN，DMS_PLUS
A10: 丰厨-强华学校客户下单群 | B10: wrigAJEAAA7Bel4G031c11PoW0PB74vA | C10: 邓虎 | D10: AI_QUAN，DMS_PLUS
A11: 朗富供应链内部沟通群 | B11: wrigAJEAAAxDUNa6sagRNhNOl5JWZ-NQ | C11: 邓虎 | D11: AI_QUAN，DMS_PLUS
A12: 葡国餐厅对账接单群 | B12: wrigAJEAAARXlFY1n6xfQtUF7kIjuuYw | C12: 邓虎 | D12: AI_QUAN，DMS_PLUS
... A40: 工行&丰厨沟通群 | B40: wrigAJEAAAe2NsHQAkhgbX1oY65LY8xw | C40: 陈红姣 | D40: AI_QUAN，DMS_PLUS
A41: 人寿堂供应链业务对接群 | B41: wrigAJEAAATFcoRR62rWM94GBObBMHow
A42: 益海-中商（罗森）蔬菜供应沟通群 | B42: wrigAJEAAAfTP_LqvNuBeYhocgtfaF3A
A43: 粮贝铁路生鲜订单群 | B43: wrigAJEAAA4KoktJG0sUPh2pEDYtu0rA
A44: 铁路标品转单群 | B44: wrigAJEAAAmIHTBGttLsnui1xFR8fhww
A45: 安徽分-供应链oem产品对接 | B45: wrigAJEAAAsQDH7vvfDWPYx1L5jmK_cw
A46: 北京分-供应链oem产品对接 | B46: wrigAJEAAAPQOqlifrPl26osUSKUnk8w
A47: 成都分-供应链oem产品对接 | B47: wrigAJEAAAKCxIn_-2sZDlfuasu-gD-Q
A48: 重庆分-供应链oem产品对接 | B48: wrigAJEAAAwMSUF1QBg0ZEsaTQ7ESUPA
A49: 广州分-供应链oem产品对接 | B49: wrigAJEAAAzKomh6AAsTaCOrIYyfSvXg
A50: 贵阳分-供应链oem产品对接 | B50: wrigAJEAAAVjkkMfD2ILTcfgZ_tGlEZw
A51: 哈尔滨&长春分-供应链oem产品对接 | B51: wrigAJEAAAkN6-z9R_VbDMWTjWlIhz9w
A52: 济南分-供应链oem产品对接 | B52: wrigAJEAAALlVkCeZHC_mJ7U4KiDnDkg
... A92: 中山华邑&逸衡采购沟通群（德立安） | B92: wrigAJEAAA1U_UdU5xMUawy-Y2J4Nmcw
